{"cameraMode":{"drawMode":0,"name":"Shaded","section":"Shading Mode"},"sceneLighting":true,"audioPlay":false,"sceneViewState":{"m_AlwaysRefresh":false,"showFog":false,"showSkybox":true,"showFlares":true,"showImageEffects":false,"showParticleSystems":true,"showVisualEffectGraphs":true,"m_FxEnabled":true},"in2DMode":false,"pivot":{"x":52.092891693115237,"y":-2.8679018020629885,"z":62.51017761230469},"rotation":{"x":-0.10200848430395127,"y":-0.04925786331295967,"z":0.0050526768900454048,"w":-0.993565559387207},"size":21.03766632080078,"orthographic":false}