{"cameraMode":{"drawMode":0,"name":"Shaded","section":"Shading Mode"},"sceneLighting":true,"audioPlay":false,"sceneViewState":{"m_AlwaysRefresh":false,"showFog":false,"showSkybox":true,"showFlares":true,"showImageEffects":false,"showParticleSystems":true,"showVisualEffectGraphs":true,"m_FxEnabled":true},"in2DMode":false,"pivot":{"x":50.23285675048828,"y":-2.2625598907470705,"z":75.0677490234375},"rotation":{"x":0.07879897207021713,"y":-0.020933052524924279,"z":0.0016549986321479083,"w":0.9966702461242676},"size":19.67231559753418,"orthographic":false}